{
  "Orlando Kart Center": {
    "courses": [
      {
        "name": "Normal",
        "start_a_lat": 28.41270817056385,
        "start_a_lng": -81.37973266418031,
        "start_b_lat": 28.41273038679321,
        "start_b_lng": -81.37957048753776,

        "sector_2_a_lat": 28.411904988687116,
        "sector_2_a_lng": -81.37907081939261,
        "sector_2_b_lat": 28.41183163429606,
        "sector_2_b_lng": -81.37918566522174,

        "sector_3_a_lat": 28.41150106641038,
        "sector_3_a_lng": -81.3799856475317,
        "sector_3_b_lat": 28.411508439046077,
        "sector_3_b_lng": -81.37980640211364
      },
      {
        "name": "Pro",
        "start_a_lat": 28.41270817056385,
        "start_a_lng": -81.37973266418031,
        "start_b_lat": 28.41273038679321,
        "start_b_lng": -81.37957048753776,

        "sector_2_a_lat": 28.411904988687116,
        "sector_2_a_lng": -81.37907081939261,
        "sector_2_b_lat": 28.41183163429606,
        "sector_2_b_lng": -81.37918566522174,

        "sector_3_a_lat": 28.41150106641038,
        "sector_3_a_lng": -81.3799856475317,
        "sector_3_b_lat": 28.411508439046077,
        "sector_3_b_lng": -81.37980640211364
      },
      {
        "name": "Short",
        "start_a_lat": 28.411993499165003,
        "start_a_lng": -81.37995885097195,
        "start_b_lat": 28.411993845389052,
        "start_b_lng": -81.37986483674096
      },
      {
        "name": "xShort",
        "start_a_lat": 28.411993499165003,
        "start_a_lng": -81.37995885097195,
        "start_b_lat": 28.411993845389052,
        "start_b_lng": -81.37986483674096
      }
    ]
  }
}
