{
  "Orlando Kart Center": {
    "courses": [
      {
        "name": "Full Track",
        "start_a_lat": 28.41270817056385,
        "start_a_lng": -81.37973266418031,
        "start_b_lat": 28.41273038679321,
        "start_b_lng": -81.37957048753776
      }
    ]
  }
}
